{
  "os": "Linux-6.1.85+-x86_64-with-glibc2.35",
  "python": "CPython 3.11.11",
  "startedAt": "2025-03-25T00:49:06.109343Z",
  "program": "Sentimental_Analysis_part1%20(1).ipynb",
  "email": "uokehi@torontomu.ca",
  "root": "/content/drive/MyDrive/MRP/Dataset",
  "host": "ca75c878d78d",
  "executable": "/usr/bin/python3",
  "colab": "https://colab.research.google.com/notebook#fileId=1IGm8VJHSJ4fZTKj6svXYmOlYRK9PPBPG",
  "cpu_count": 6,
  "cpu_count_logical": 12,
  "gpu": "NVIDIA A100-SXM4-40GB",
  "gpu_count": 1,
  "disk": {
    "/": {
      "total": "253055008768",
      "used": "40845869056"
    }
  },
  "memory": {
    "total": "89632796672"
  },
  "cpu": {
    "count": 6,
    "countLogical": 12
  },
  "gpu_nvidia": [
    {
      "name": "NVIDIA A100-SXM4-40GB",
      "memoryTotal": "42949672960",
      "cudaCores": 6912,
      "architecture": "Ampere"
    }
  ],
  "cudaVersion": "12.4"
}